文,34362,31.66
华,30261,48.44
明,29120,27.42
晓,22209,100.00
玉,21202,73.64
国,20000,12.74
海,19554,27.34
伟,19003,77.07
志,18840,44.56
红,18319,42.31
平,18177,27.57
林,18083,35.06
春,17551,62.43
丽,17460,58.11
建,17443,27.98
云,16691,49.49
金,16436,27.98
英,16221,33.42
军,16063,18.83
永,14958,54.07
德,14246,25.97
荣,14056,59.59
龙,13410,44.50
东,13356,22.76
芳,12930,92.79
新,12749,20.04
成,12579,14.20
杰,11912,61.99
辉,11585,89.70
秀,11455,61.01
生,11453,11.59
子,11364,11.91
俊,11338,100.00
梅,10968,60.69
玲,10927,100.00
清,10809,26.02
世,10794,20.04
光,10739,24.12
艳,10557,100.00
强,10394,23.81
庆,10264,64.91
燕,10107,88.49
峰,10025,74.57
宇,9995,57.85
敏,9963,72.57
忠,9745,65.77
凤,9634,74.69
兰,9265,34.59
立,9243,18.99
佳,9205,78.14
美,9183,16.51
祥,9056,82.19
霞,8959,100.00
兴,8948,30.54
家,8891,11.81
雪,8881,47.88
飞,8843,24.05
君,8761,46.83
亚,8704,26.35
利,8663,16.06
萍,8542,100.00
良,8485,40.61
宝,8483,39.80
慧,8469,70.04
福,8310,34.49
波,8218,33.42
学,8208,11.89
洪,8182,61.11
娟,8009,100.00
瑞,7960,59.70
天,7831,12.21
珍,7765,58.51
元,7724,23.03
少,7631,18.26
鹏,7619,87.87
振,7575,49.77
大,7502,7.55
正,7467,14.19
勇,7466,52.32
斌,7466,100.00
宏,7351,80.24
江,7092,28.55
超,7048,34.20
青,6943,25.93
民,6880,12.80
安,6855,17.30
亮,6770,36.34
涛,6727,90.22
秋,6662,47.09
琴,6383,70.13
松,6352,36.78
昌,6314,65.46
胜,6271,31.81
中,6173,6.69
桂,6157,79.08
长,6154,12.00
静,6097,30.80
思,6022,18.26
一,5892,3.93
阳,5882,27.80
贵,5826,34.72
婷,5735,100.00
惠,5732,58.30
刚,5720,26.61
淑,5619,100.00
爱,5583,20.32
维,5581,23.79
月,5497,13.52
泽,5496,35.80
山,5460,16.12
芬,5397,72.48
广,5359,22.08
义,5253,14.74
锋,5203,62.13
武,5140,22.41
智,5122,32.81
仁,5102,48.62
香,5039,29.44
嘉,4941,67.89
友,4940,24.07
雨,4933,33.40
娜,4888,56.94
花,4879,19.43
雅,4870,39.86
群,4820,23.39
莉,4708,67.41
旭,4701,100.00
全,4694,11.09
远,4674,18.40
浩,4634,66.48
富,4612,27.09
宁,4607,35.05
欣,4590,52.15
彬,4573,100.00
丹,4555,43.60
树,4554,25.97
梦,4517,30.25
兵,4490,18.32
贤,4430,67.79
星,4421,21.53
卫,4396,24.54
发,4377,7.82
根,4325,16.93
继,4294,23.84
和,4246,5.80
宗,4195,25.70
凯,4185,47.26
坤,4158,100.00
健,4157,32.04
培,4124,37.07
景,4068,27.59
彦,4035,96.91
才,4023,13.31
琳,4014,87.25
洁,3987,49.04
顺,3981,30.29
锦,3979,64.37
雄,3931,33.40
莲,3911,60.14
颖,3863,91.91
银,3853,25.35
启,3823,41.17
连,3815,16.90
方,3806,7.86
传,3768,15.33
冬,3755,42.84
鑫,3729,100.00
会,3629,6.29
翠,3622,71.54
素,3597,22.07
喜,3572,22.11
琼,3552,71.91
先,3536,11.59
剑,3516,26.85
水,3483,11.84
怡,3445,86.91
万,3433,14.30
鸿,3402,58.58
祖,3401,30.30
乐,3385,20.42
朝,3339,19.76
克,3329,12.66
士,3307,15.12
耀,3296,53.95
康,3268,26.47
菊,3240,83.97
吉,3232,25.40
进,3224,7.91
书,3215,13.04
琪,3176,100.00
博,3157,27.51
南,3124,13.41
晨,3113,39.17
莹,3102,91.36
有,3099,3.73
如,3095,7.43
雯,3072,100.00
绍,3068,34.45
汉,3062,21.57
泉,3062,46.69
达,3060,12.87
彩,3059,32.63
源,3052,20.49
茂,2980,70.49
妹,2951,32.23
兆,2946,67.30
洋,2898,23.04
保,2885,11.85
奇,2884,17.91
铭,2856,59.04
开,2773,7.67
双,2763,17.84
森,2746,27.27
恩,2676,23.77
蓉,2641,90.53
仙,2631,32.40
楠,2630,100.00
恒,2609,46.91
权,2599,12.00
倩,2564,78.71
延,2559,28.19
高,2542,8.32
毅,2526,51.28
来,2504,4.31
媛,2501,100.00
风,2497,12.81
虎,2496,27.44
磊,2495,100.00
道,2488,6.10
芝,2477,58.29
冰,2465,26.93
豪,2437,37.75
川,2398,27.39
力,2391,7.30
翔,2388,58.28
娇,2378,57.41
其,2356,6.84
炳,2339,100.00
佩,2325,36.73
巧,2324,29.78
勤,2252,37.91
章,2217,15.27
哲,2215,26.44
跃,2197,35.89
凡,2196,23.99
礼,2178,22.12
敬,2170,28.32
威,2158,16.35
运,2149,11.78
科,2142,10.49
圣,2128,22.50
妮,2125,53.23
田,2096,19.12
向,2094,7.78
晶,2092,40.83
丰,2086,27.27
日,2075,6.76
容,2068,13.17
琦,2063,100.00
三,2062,7.36
栋,2060,76.31
珊,2059,68.95
盛,2053,25.95
聪,2051,38.86
希,2037,14.23
承,2034,16.16
心,2034,6.44
诗,2024,20.99
珠,1998,29.07
益,1998,16.20
孝,1979,50.90
碧,1977,52.44
然,1975,5.56
可,1975,4.67
旺,1975,53.46
菲,1964,31.98
雷,1925,16.70
增,1904,12.74
芹,1858,100.00
怀,1855,17.66
真,1836,8.60
善,1826,17.31
焕,1814,74.78
茹,1814,100.00
之,1805,4.87
艺,1797,17.83
男,1783,14.55
为,1778,3.70
轩,1778,57.49
业,1775,6.92
廷,1774,35.13
瑶,1769,81.07
灵,1768,16.80
卿,1756,45.37
定,1734,5.73
虹,1727,49.36
润,1701,28.36
政,1693,7.08
升,1691,18.14
本,1691,5.90
娥,1684,72.59
仲,1680,36.09
治,1658,9.19
京,1655,13.63
信,1651,7.57
奎,1641,64.11
西,1632,7.32
凌,1629,36.10
锡,1609,44.21
若,1607,14.55
寿,1601,33.16
占,1596,15.98
鸣,1594,34.63
扬,1576,21.81
加,1575,7.19
岩,1574,28.71
伦,1569,19.56
瑜,1550,74.42
园,1529,19.57
薇,1524,90.04
露,1510,17.17
程,1509,9.39
仕,1509,81.78
诚,1502,22.40
显,1492,11.66
贞,1492,52.00
婉,1491,69.03
璐,1490,100.00
朋,1485,17.62
叶,1481,18.13
柏,1480,31.54
路,1475,9.12
守,1460,16.24
铁,1455,15.94
仪,1434,24.53
妍,1422,100.00
应,1419,6.36
尚,1418,17.19
涵,1417,49.21
霖,1416,84.09
伯,1409,16.28
洲,1399,14.47
蕾,1393,93.75
欢,1390,14.18
迪,1389,27.15
同,1379,5.02
坚,1363,14.96
太,1358,7.76
育,1345,12.72
儿,1345,7.20
堂,1344,18.23
钦,1332,42.72
悦,1323,38.63
卓,1321,37.01
玮,1316,100.00
曼,1313,22.42
年,1313,4.18
城,1312,10.10
石,1311,10.13
湘,1285,44.43
崇,1283,26.83
逸,1279,46.97
宪,1279,26.80
灿,1272,55.92
昭,1272,42.75
晴,1272,37.07
笑,1272,9.10
婧,1270,100.00
彪,1263,49.13
臣,1260,20.26
木,1254,13.58
黎,1252,26.38
基,1245,8.06
彤,1240,100.00
辰,1231,45.51
炜,1230,100.00
纯,1228,19.87
柱,1227,30.57
杨,1225,18.86
晖,1222,96.68
莎,1221,40.38
航,1217,14.43
帅,1217,34.35
二,1207,6.01
钰,1202,100.00
苏,1191,11.79
裕,1186,37.16
冠,1175,30.33
孟,1172,27.64
河,1164,11.56
芸,1160,74.52
标,1160,10.37
宜,1159,22.19
亭,1157,36.26
斯,1150,6.18
炎,1143,22.56
泰,1140,22.47
相,1136,5.81
微,1136,12.26
存,1133,9.04
柳,1128,26.72
勋,1124,44.37
昊,1123,100.00
财,1117,12.63
法,1114,4.37
靖,1110,50.22
楚,1107,14.91
竹,1107,27.17
登,1106,14.40
桥,1089,21.52
娣,1087,100.00
苗,1085,33.05
馨,1085,51.43
邦,1081,22.45
奕,1077,68.30
麟,1073,56.82
满,1073,9.41
依,1066,10.99
茜,1064,71.29
修,1060,13.05
久,1057,11.62
迎,1056,17.61
紫,1050,27.42
庭,1033,15.32
腾,1026,26.90
舒,1019,23.44
宾,1018,24.89
均,1010,14.81
周,1005,9.82
作,992,3.82
行,986,3.85
岳,975,30.16
钧,973,45.88
滨,972,45.17
通,969,6.09
圆,969,17.87
尧,967,75.01
纪,955,10.52
自,950,3.52
熙,944,44.78
代,942,5.70
细,939,10.52
睿,936,81.26
震,932,17.02
晋,929,25.77
昕,927,100.00
羽,921,29.68
常,919,5.88
赛,914,16.31
萌,909,57.12
镇,902,15.22
夫,899,7.92
夏,894,16.95
雁,891,45.30
锐,883,28.79
人,882,1.94
能,881,3.25
菁,878,73.96
汝,874,44.68
隆,869,20.86
璇,867,32.58
贝,864,16.74
帆,864,42.24
盈,863,33.53
梁,861,21.16
照,846,8.44
姣,846,100.00
桃,844,27.96
姗,844,100.00
四,843,6.04
蒙,833,15.15
蓓,831,100.00
娅,827,54.47
从,819,4.21
禄,815,38.69
环,811,10.77
侠,805,17.51
瑛,802,58.11
巍,801,65.69
绪,800,20.27
鹤,794,45.03
骏,792,68.31
亦,790,12.90
厚,789,17.49
意,787,4.18
潇,785,65.65
尔,778,5.73
影,778,7.56
钢,776,23.00
越,776,8.06
昆,774,25.45
令,761,7.29
言,760,7.11
时,758,2.70
宽,755,15.89
岭,749,33.22
蕊,748,66.02
齐,748,14.76
枝,746,20.66
乾,746,29.08
甜,740,29.30
非,740,6.28
梓,733,88.13
沙,731,12.01
前,725,3.90
蔚,724,61.77
乃,724,15.69
以,724,2.52
丁,722,15.68
岚,719,43.88
征,717,10.73
理,707,3.77
谦,704,35.04
功,702,7.81
盼,698,31.33
观,698,6.61
捷,696,24.57
韵,696,38.77
沛,696,55.10
肖,693,28.35
声,692,5.18
寒,689,17.18
阿,687,7.94
曦,682,84.67
瑾,679,87.47
名,673,5.21
钟,668,12.06
九,664,7.49
营,663,8.33
初,657,9.47
献,656,15.31
伊,655,10.49
煜,653,88.04
妙,652,16.08
余,646,10.11
得,642,2.85
鲁,640,11.69
映,638,16.79
儒,637,26.97
筱,635,94.74
白,634,5.84
婕,631,100.00
津,630,16.99
里,627,3.05
枫,626,59.43
娴,626,58.45
桐,625,42.10
斐,624,50.43
渊,623,29.96
多,622,3.21
媚,620,31.79
原,618,4.88
展,612,5.59
皓,608,52.47
秉,608,44.36
举,603,8.37
佑,601,43.09
李,596,7.42
果,583,4.35
再,582,5.09
印,582,8.65
钊,580,60.66
经,579,3.10
起,577,3.30
杏,576,42.61
公,574,3.80
化,574,4.52
格,574,5.85
念,567,7.26
殿,566,18.91
贺,565,20.74
火,564,6.79
毓,561,48.30
冲,559,9.15
付,554,10.21
舟,553,28.72
品,553,5.65
甫,553,27.61
婵,550,85.99
昱,546,100.00
宣,544,9.62
煌,542,29.44
千,536,7.95
好,529,3.21
易,528,6.86
添,528,22.34
翰,526,22.54
萱,525,97.48
普,524,8.12
琛,523,58.68
乔,519,17.16
烨,516,100.00
百,513,6.28
铃,510,23.47
合,509,4.13
重,508,3.79
魁,504,35.35
禹,503,42.78
劲,502,15.23
北,501,5.41
望,500,5.48
祺,500,62.20
允,497,16.27
申,497,12.48
济,496,5.77
壮,492,16.12
寅,492,59.36
召,491,13.64
珂,486,66.13
咏,486,60.36
弘,486,35.12
霜,482,35.16
硕,481,28.26
茵,467,37.68
王,467,5.09
姝,467,100.00
端,465,10.13
霄,464,48.00
溪,463,25.85
任,462,4.17
岗,461,20.06
猛,460,12.42
爽,458,28.96
鼎,456,28.45
村,455,8.32
潮,450,13.94
战,445,3.57
烈,440,8.97
韬,439,64.13
榕,437,83.20
衡,435,14.01
柯,433,20.73
联,432,5.36
攀,432,29.40
童,432,12.89
芷,428,100.00
轶,428,78.62
弟,427,8.94
述,425,7.67
冉,419,44.09
韶,418,55.70
颜,418,16.14
懿,417,39.99
毛,411,7.14
庚,410,43.68
师,408,5.05
陈,406,6.46
农,404,6.05
绮,402,57.94
苹,401,29.04
卉,395,50.22
州,395,7.83
衍,394,27.96
俐,393,57.23
实,389,2.91
幸,388,9.13
啸,386,25.23
特,385,3.59
晗,383,100.00
野,382,8.67
池,382,17.23
旗,381,13.95
罗,381,5.30
峻,380,28.71
歌,379,10.23
翼,376,12.68
季,374,12.48
淼,373,100.00
龄,373,14.74
知,371,3.11
语,371,5.99
必,367,4.10
幼,365,15.43
深,364,5.24
帮,364,7.87
甲,363,10.65
诺,363,9.38
h,362,100.00
棠,362,27.76
旋,361,13.25
丛,360,16.43
球,358,6.69
曙,357,49.39
官,357,5.40
繁,357,12.36
鹰,355,18.97
丙,354,30.45
澄,353,32.65
艾,352,12.23
音,352,6.09
伶,352,36.21
挺,351,13.86
郁,349,18.72
致,348,5.97
臻,348,45.96
玺,348,60.97
桦,348,64.95
选,346,5.79
浪,344,11.03
效,341,6.07
焱,340,100.00
荷,337,13.30
井,335,13.30
革,331,5.80
晔,330,86.85
马,329,4.11
朗,325,11.61
坡,325,14.28
靓,324,97.26
佐,322,20.10
姿,320,17.79
瀚,319,55.05
闻,318,7.76
湖,317,8.38
于,317,2.01
典,315,9.34
阁,314,15.40
复,314,5.04
戈,313,15.48
玫,312,22.71
峥,312,100.00
苑,311,32.87
俭,311,33.68
赞,310,10.40
上,310,1.52
优,310,7.29
泓,306,82.35
舜,305,39.97
韦,304,14.95
慈,303,13.09
蓝,303,10.39
现,302,2.36
米,301,5.88
祯,300,59.76
五,300,3.94
在,299,1.09
赫,299,11.65
洛,298,8.57
璋,297,41.63
唯,297,9.55
淳,296,38.75
铮,295,38.83
改,295,4.42
放,294,3.99
畅,294,19.78
姬,294,28.43
屏,294,16.93
丝,294,8.92
嫣,293,48.29
训,293,8.85
泳,293,27.07
含,292,8.20
镜,290,10.74
炯,288,33.25
晟,287,100.00
莺,284,32.49
谷,284,9.35
昂,283,17.22
见,282,2.90
拉,281,4.10
渝,280,50.92
恺,273,44.46
铎,273,51.83
留,273,5.46
麒,273,93.47
纲,273,16.70
祝,272,13.97
琨,269,84.00
步,268,4.20
关,266,2.65
琰,266,100.00
楷,266,46.27
干,266,4.20
蕴,265,26.11
杭,263,21.43
玄,262,14.37
陆,262,6.04
漫,262,11.87
辛,262,11.94
樱,261,28.49
则,260,3.74
沁,259,33.49
纳,259,6.10
杉,257,27.07
争,257,4.07
录,257,7.55
范,255,6.20
楼,255,7.28
淇,255,59.67
筠,253,82.83
敦,251,14.11
桢,248,50.73
驰,248,17.89
招,247,7.55
卡,245,6.13
都,244,2.11
滢,244,84.25
领,243,3.85
庄,242,8.08
霏,241,91.16
珏,239,100.00
遥,235,13.59
恬,235,48.91
慕,235,16.20
图,233,4.66
忆,232,10.20
鉴,231,12.91
张,231,3.69
锁,230,12.07
旦,230,9.95
陶,230,12.48
骥,230,52.25
想,228,2.22
六,228,4.61
巨,228,7.08
澜,228,26.80
陵,227,15.63
曾,227,4.51
秦,227,10.62
竞,227,8.37
颂,226,20.89
策,225,5.86
默,225,7.82
键,224,11.14
密,222,5.09
谊,222,17.35
逢,221,17.72
腊,221,11.28
棋,221,16.76
稳,221,7.94
禾,219,43.26
亨,217,17.23
柔,215,11.78
情,214,2.34
研,214,4.27
墨,213,11.05
植,212,8.24
予,211,6.87
社,208,3.23
牛,207,7.42
孔,207,9.36
凝,206,12.02
缘,206,9.23
严,205,4.67
璞,203,50.97
嵩,203,37.71
刘,201,5.75
豹,201,20.89
习,201,5.30
牧,200,11.46
豫,200,14.52
滔,200,24.61
涌,198,11.88
纬,198,23.48
土,195,4.42
校,189,4.89
妤,189,100.00
谋,189,6.88
吟,187,14.71
蕙,187,51.87
蝶,187,17.63
宸,187,62.25
昀,186,100.00
港,186,6.47
廉,186,12.96
俏,186,25.84
尼,185,4.95
葵,184,39.55
地,184,1.23
积,184,5.39
欧,184,5.88
茗,182,50.81
慎,181,12.36
歆,181,63.42
湾,181,6.01
团,180,3.72
未,180,3.61
鸽,180,22.34
介,180,5.87
古,179,4.22
穗,179,34.87
迅,179,7.38
桑,177,10.31
笛,177,20.38
郎,175,9.71
隽,175,55.96
贻,175,36.83
用,174,1.61
流,174,3.60
F,173,100.00
仓,172,12.90
岐,171,47.09
岑,170,35.67
融,169,8.05
尊,169,7.40
老,168,2.45
游,168,4.98
肇,167,30.07
闯,167,14.98
霆,167,19.99
妃,167,20.01
创,166,4.59
勃,166,10.04
芮,165,50.43
骅,165,77.11
采,164,4.36
鸥,164,33.22
绿,164,7.05
叔,163,9.23
萧,163,12.69
恭,162,11.51
节,162,4.02
施,162,4.19
际,162,3.61
更,162,2.63
嵘,161,73.41
侃,161,31.54
徽,161,16.05
芯,158,18.82
朴,158,14.21
粉,158,9.54
彭,158,9.55
钱,157,4.32
女,157,2.60
芊,156,100.00
记,156,2.99
灏,155,83.46
院,155,3.14
黄,154,4.13
列,152,3.84
晏,152,41.80
集,152,3.42
魏,152,10.44
今,152,3.10
耿,151,20.41
奥,151,6.07
乙,151,12.05
菡,150,100.00
熊,149,11.04
何,149,2.54
珑,147,40.61
斗,147,4.11
众,147,3.82
冀,146,18.30
蔓,146,22.11
眉,146,8.89
骁,146,56.72
翊,146,57.44
耕,145,11.66
蛟,145,32.94
砚,145,47.74
侯,145,11.00
唐,144,5.93
居,144,4.52
亿,144,6.43
Z,143,100.00
誉,143,10.35
湛,143,27.49
伍,143,8.91
曲,142,6.44
术,142,2.94
孙,142,6.00
豆,142,11.12
屹,142,41.39
芙,141,18.98
无,141,1.77
胤,140,43.61
央,140,5.04
尘,140,10.51
荔,139,40.89
珩,139,90.42
桓,139,17.70
S,139,100.00
翎,139,31.44
坦,138,6.03
淮,138,15.01
罡,138,43.26
聚,137,7.71
烽,137,43.43
荫,137,19.20
铨,137,67.72
奋,137,7.50
骞,137,70.74
呈,136,9.30
槐,135,25.76
引,135,3.55
焰,134,14.48
拓,134,14.28
觉,134,2.85
许,134,2.54
傲,132,11.86
昶,132,72.30
杜,132,7.41
垒,132,15.98
t,132,100.00
汇,131,6.81
胡,130,4.91
盟,130,6.64
精,130,3.27
布,130,3.03
后,129,1.34
汶,129,36.30
鲜,129,5.53
临,129,5.01
惟,128,11.00
至,128,2.50
珉,128,100.00
炫,127,27.65
雍,127,28.26
尹,127,21.41
莱,126,6.74
坪,126,18.92
丕,126,36.47
,125,100.00
闽,125,27.66
直,125,2.43
模,125,4.27
耘,124,42.09
又,124,1.81
漪,124,34.51
谨,123,11.12
台,122,2.99
B,122,100.00
徐,121,7.30
那,120,1.23
梨,120,22.57
竟,120,4.25
转,120,2.89
净,119,7.54
岱,119,42.38
结,119,2.29
函,118,11.09
苓,117,44.77
统,117,2.38
潜,117,6.06
炼,116,9.87
驹,116,33.85
宛,116,16.01
计,116,2.32
将,116,1.77
异,116,4.19
瀛,115,38.03
勉,115,11.99
玛,115,6.75
皎,115,48.38
朵,115,8.60
让,115,2.71
七,115,3.46
也,115,1.14
恋,114,7.88
悠,113,11.70
烁,113,17.82
熹,113,37.24
嫦,113,24.16
求,113,2.56
序,113,4.69
苇,112,25.15
锴,111,66.97
阔,111,9.10
省,111,3.89
淦,111,56.02
蓬,110,14.43
熠,109,43.78
懋,109,47.10
历,109,3.19
单,108,2.81
菱,108,18.63
葆,108,38.50
夕,107,11.04
赵,107,6.04
帝,107,3.60
丞,107,26.13
澍,107,94.43
愿,106,3.53
励,106,7.64
玖,106,70.42
奔,106,6.68
象,106,2.43
琬,105,55.37
钗,104,30.78
嗣,104,16.97
简,104,3.99
仑,104,11.89
迁,104,8.53
吾,103,8.60
蒂,103,7.37
韩,103,6.27
渭,103,30.39
逊,102,8.84
响,102,3.16
浚,102,32.94
溢,102,14.45
点,101,1.64
馥,101,55.53
度,101,1.94
舰,100,4.44
拥,100,5.36
霁,100,56.34
奉,100,6.97
温,100,4.51
轲,100,34.74
班,99,4.56
椿,99,41.27
岸,99,4.91
浦,99,11.72
主,99,1.41
鹃,99,21.17
体,99,1.70
煊,98,40.84
伏,98,6.96
塔,97,5.13
尉,97,11.38
疆,96,10.64
材,96,4.74
塘,96,13.80
鲲,96,85.52
郑,95,5.55
枚,94,9.54
汀,94,22.01
赐,94,10.81
宙,93,6.97
寰,93,35.27
库,93,5.36
府,93,2.72
霓,92,28.55
式,92,2.27
律,92,3.08
舞,91,5.47
娃,91,9.17
比,91,1.90
恕,90,12.27
醒,90,5.17
狄,90,11.53
协,90,3.79
铸,90,14.13
练,90,4.82
午,89,4.79
粤,89,21.28
鹿,89,10.39
忱,89,23.70
量,88,1.98
葛,88,9.41
锟,88,50.97
沐,88,25.63
准,87,2.47
参,87,2.94
庸,87,10.92
潘,87,10.37
藩,86,14.81
宋,86,4.66
绣,86,13.04
骄,85,11.44
译,85,5.54
淋,85,10.89
迈,85,8.07
因,84,1.34
澎,84,25.23
愚,83,9.03
托,83,3.88
号,83,2.81
鹭,83,43.81
俞,83,21.87
炬,82,24.34
郡,82,11.56
慰,82,7.59
勒,82,4.44
萃,82,25.21
朔,82,19.97
颐,82,18.63
委,82,2.70
涓,82,34.47
潭,82,15.69
煦,81,35.72
养,81,3.69
葳,81,100.00
顿,81,3.82
禧,81,10.14
穆,81,7.82
曜,80,36.86
夷,80,11.75
解,80,1.79
佰,80,72.73
榆,79,21.56
殷,79,11.96
渠,79,11.51
辅,79,9.65
戎,78,20.54
荃,78,28.84
婴,78,10.10
沅,78,37.07
弦,78,11.04
检,77,3.50
飘,77,6.79
沂,77,29.21
仰,77,6.03
,77,100.00
燃,76,6.92
D,76,100.00
榜,76,13.26
荟,75,32.33
换,75,3.77
琮,75,67.17
顶,75,4.38
颢,75,57.58
鸾,75,31.06
遂,74,9.26
援,74,5.17
由,74,1.42
崎,74,14.91
仔,74,6.90
适,73,3.15
愉,73,8.97
瞳,73,27.56
逵,72,27.98
燮,72,40.39
频,72,6.62
骐,72,100.00
宵,72,18.95
缨,72,33.94
彰,72,16.91
载,72,4.21
棣,71,35.37
祚,71,50.47
洵,71,34.44
麦,71,4.94
弼,71,25.73
炽,70,20.34
冶,70,14.89
或,70,1.47
朱,70,4.71
枢,70,13.29
咸,69,12.34
闪,69,4.66
栩,69,26.91
墩,69,23.83
约,69,2.36
肃,68,6.33
董,68,6.89
栓,68,16.22
姜,68,11.30
赤,68,7.04
黛,68,13.06
荻,67,41.92
司,67,1.86
璧,67,24.02
堡,67,6.29
沫,67,11.99
派,67,2.64
喻,66,10.26
尤,66,4.51
赢,66,7.81
位,66,1.57
当,66,1.11
忻,66,36.56
焘,65,18.87
芒,65,10.03
吕,65,7.16
萨,65,4.25
坊,65,12.11
巴,65,2.63
专,65,2.48
幽,65,6.78
黑,65,2.57
续,65,2.65
羊,65,5.41
徒,65,4.32
略,64,3.11
隐,64,4.18
韧,64,17.93
贯,64,5.97
涤,64,18.78
丘,64,8.06
党,63,2.21
八,63,2.33
抗,63,3.26
朦,63,14.51
烟,62,3.87
銮,62,33.02
莫,62,3.81
哈,62,3.07
绵,62,9.39
十,61,1.20
瑗,61,100.00
瑟,61,6.83
暄,61,27.66
袁,61,7.13
孜,61,17.61
质,61,2.16
纹,61,7.18
员,60,1.55
商,60,2.13
皇,60,3.17
蜀,60,12.23
空,60,1.74
第,60,1.21
侨,60,10.18
霸,59,7.39
妞,59,17.82
樟,59,29.43
泊,59,8.40
滋,59,7.74
惜,58,5.82
姐,58,3.33
鱼,58,3.39
左,58,3.19
冕,57,20.57
璜,57,31.18
藤,57,9.09
门,57,1.46
棉,57,7.84
笃,57,17.59
索,57,3.24
遵,56,6.13
房,56,2.36
操,56,4.40
表,56,1.41
首,56,2.30
溶,56,9.47
苍,55,6.62
吴,55,4.23
[,55,100.00
固,55,3.42
机,55,1.14
封,55,3.36
沈,55,6.43
洙,55,62.13
享,55,4.60
边,55,1.80
凉,54,5.96
草,54,3.11
甘,54,5.25
垣,54,14.59
备,54,2.01
襄,54,14.95
岷,54,41.32
渡,54,5.25
澈,54,18.96
擎,53,15.49
界,53,1.69
藻,53,11.82
皋,53,26.85
圭,53,20.72
乘,53,4.52
弋,53,31.47
迟,53,5.02
冷,52,2.79
琢,52,14.02
璨,52,39.04
防,52,2.36
塞,52,3.96
衣,52,2.85
棚,52,10.29
孚,52,19.75
歧,52,8.03
潼,52,27.09
翌,52,22.90
考,51,2.22
遇,51,3.31
爵,51,7.19
叙,51,5.88
铿,51,28.09
教,51,1.40
壁,51,4.96
神,51,1.49
茶,50,4.54
提,50,1.40
电,50,1.48
蔷,50,25.59
飒,50,30.97
祁,50,19.41
寨,50,9.14
黔,50,26.22
羲,50,25.59
羿,50,43.64
停,49,2.68
郢,49,40.76
铜,49,6.45
藏,49,3.27
暖,49,6.34
屯,49,13.15
溥,49,24.75
亲,49,1.82
耶,48,4.07
灼,48,13.03
充,48,2.65
匡,48,16.69
问,48,1.15
姚,48,8.94
骊,48,42.07
谢,48,3.20
汪,48,6.80
邵,47,12.40
蒲,47,9.05
钺,47,57.68
铉,47,41.25
蜜,47,7.37
笠,47,16.66
淞,47,25.98
蓁,46,100.00
娉,46,51.45
笙,46,24.05
宫,46,3.38
休,46,3.72
近,46,1.79
珈,45,45.62
随,45,2.09
樵,45,17.55
崴,45,37.57
佶,45,55.95
俪,45,36.58
芽,44,11.38
斋,44,9.16
字,44,1.80
讯,44,4.14
沪,44,11.34
潞,44,28.61
翘,44,13.58
炀,43,30.57
冈,43,7.19
执,43,2.69
口,43,1.34
旖,43,40.19
囡,43,38.34
场,43,1.41
要,43,0.65
橙,43,19.07
箭,43,4.97
粟,43,12.45
舸,42,41.51
茉,42,24.83
镐,42,27.29
镭,42,27.26
早,42,1.94
回,42,1.19
围,42,2.20
期,42,1.41
箐,42,100.00
乡,42,3.05
纶,42,18.66
演,42,2.53
兢,41,14.18
分,41,0.88
抒,41,13.79
卜,41,6.70
荪,41,24.38
盘,41,3.39
极,41,1.67
横,41,4.28
资,41,1.39
焯,40,58.04
持,40,1.63
荆,40,9.59
厦,40,7.93
琅,40,18.47
著,40,2.63
镛,40,56.85
薪,40,7.47
皮,40,2.53
盖,40,3.36
霈,40,89.44
圩,40,27.57
垂,40,5.17
稚,40,10.68
浙,40,7.28
渔,40,5.82
渤,40,20.73
滕,40,22.45
兮,39,10.96
旎,39,42.10
阶,39,2.52
晚,39,2.24
险,39,2.32
坛,39,5.87
韫,39,57.01
堤,39,9.01
姑,39,3.14
客,39,2.12
翁,39,7.13
濂,39,27.65
速,38,2.16
舫,38,29.95
戴,38,3.82
猷,38,39.48
莘,38,29.35
落,38,1.92
P,38,100.00
杲,38,37.60
瞻,38,12.31
离,38,1.74
汐,38,25.46
绩,38,4.88
佼,38,22.87
循,38,5.58
耐,37,4.35
莽,37,10.25
变,37,1.26
支,37,1.75
域,37,2.70
栗,37,9.56
境,37,2.07
骧,37,29.64
嫒,37,63.68
次,37,1.17
谟,37,13.89
赋,37,5.52
与,37,0.93
炉,36,6.28
邑,36,13.40
舍,36,4.04
敖,36,17.46
虞,36,11.79
曰,36,5.10
飙,36,23.33
头,36,1.02
筝,36,16.18
峪,36,26.70
淘,36,8.80
不,36,0.36
羡,36,10.25
肯,35,2.65
愈,35,3.89
共,35,1.47
兹,35,5.48
拯,35,10.28
半,35,1.87
珲,35,54.87
u,35,100.00
圻,35,39.12
枭,35,20.95
寻,35,2.89
沧,35,12.31
弯,35,5.06
佛,35,2.44
过,35,0.69
忍,35,3.36
,34,100.00
盾,34,4.11
竣,34,18.51
箫,34,17.64
谱,34,7.37
鳌,34,15.85
赣,34,14.40
绒,34,9.64
绚,34,18.56
郭,33,5.44
鄂,33,11.36
熔,33,11.87
状,33,2.02
畏,33,6.27
是,33,0.32
晃,33,5.37
垠,33,25.72
询,33,4.76
履,33,5.39
鹄,33,24.36
弥,33,5.33
辽,33,6.47
倪,32,13.62
灯,32,3.17
聿,32,16.01
冯,32,5.03
菜,32,3.62
坝,32,10.02
柠,32,24.29
筑,32,3.21
详,32,4.12
屿,32,9.09
岫,32,32.73
峤,32,41.17
浓,32,4.62
庶,32,11.72
麻,32,3.16
绥,32,10.06
罕,32,6.88
恪,31,15.33
邻,31,4.75
惊,31,2.04
狮,31,6.74
卢,31,4.92
琏,31,18.96
阅,31,4.20
颉,31,15.88
梧,31,14.27
楣,31,21.18
殊,31,3.33
汗,31,4.21
身,31,1.00
仿,31,3.53
俨,31,16.02
怿,30,77.46
所,30,0.68
扎,30,3.92
犁,30,12.52
助,30,1.89
阵,30,2.31
难,30,1.29
末,30,3.19
垄,30,7.19
禅,30,6.58
樾,30,32.37
骋,30,20.63
站,30,1.78
岛,30,2.33
泗,30,25.37
洞,30,2.81
伽,30,8.17
恂,29,37.73
遐,29,18.71
配,29,2.16
务,29,1.15
],29,19.36
收,29,1.39
画,29,2.46
曹,29,4.32
蝉,29,11.45
桔,29,13.31
笔,29,2.61
符,29,3.26
欲,29,2.84
峡,29,4.81
贡,29,4.26
绘,29,5.07
彝,29,15.45
搏,28,7.14
璎,28,52.27
虚,28,2.88
晰,28,6.43
宠,28,7.38
寄,28,4.37
渺,28,10.64
纤,28,6.03
庵,28,11.00
轮,28,2.94
翱,28,21.40
傅,27,5.11
j,27,100.00
卷,27,2.67
厉,27,3.49
史,27,1.55
铄,27,42.97
闵,27,15.82
嘎,27,9.68
堰,27,14.35
样,27,0.74
宴,27,6.10
席,27,2.40
伸,27,3.02
激,27,2.02
忌,27,5.22
造,26,1.31
炅,26,51.64
悟,26,4.37
胖,26,5.04
焦,26,4.05
户,26,2.18
荐,26,6.87
荧,26,13.50
咪,26,12.66
瓒,26,19.05
铠,26,22.58
畔,26,9.35
矛,26,3.72
梵,26,12.39
谭,26,5.96
涯,26,8.05
巩,26,6.92
己,26,0.91
弓,26,6.26
倍,25,3.52
逍,25,14.37
燎,25,18.97
戟,25,16.06
动,25,0.68
苒,25,60.30
卯,25,18.00
率,25,1.76
敢,25,2.12
蘅,25,45.41
器,25,1.45
雀,25,6.54
裴,25,11.10
饶,25,6.28
娘,25,2.29
稼,25,8.94
,25,100.00
管,25,1.08
尖,25,3.33
崖,25,6.20
涧,25,17.14
辞,25,3.72
聘,24,6.11
邱,24,7.01
劭,24,32.57
玢,24,50.60
及,24,0.97
瑚,24,10.99
哓,24,65.32
锷,24,27.77
旌,24,20.56
霭,24,21.69
睦,24,10.16
颀,24,33.31
颍,24,17.29
榛,24,25.73
嫱,24,44.26
宓,24,21.23
议,24,1.28
调,24,1.34
沃,24,4.61
沉,24,1.98
洽,24,10.30
店,24,2.58
亢,24,11.85
溯,24,8.53
归,24,2.34
彻,24,3.06
羚,24,17.07
倚,23,7.64
总,23,1.00
恢,23,3.28
@,23,100.00
勐,23,39.49
拴,23,10.94
珀,23,9.76
瑰,23,7.01
皖,23,11.48
监,23,2.12
坎,23,6.83
处,23,0.97
夔,23,21.45
妲,23,29.19
秘,23,2.21
樊,23,11.69
稷,23,16.98
嫔,23,17.83
毕,23,2.65
谕,23,7.43
泱,23,28.79
絮,23,10.67
工,23,0.76
下,23,0.54
鹂,23,38.84
滩,23,5.30
佃,23,11.46
御,23,3.33
者,22,0.70
而,22,0.52
性,22,0.75
聃,22,41.34
刃,22,7.85
扶,22,3.89
护,22,1.51
听,22,1.09
葱,22,9.05
甄,22,16.92
锵,22,17.10
镔,22,71.95
零,22,3.16
圳,22,5.46
裔,22,8.65
裳,22,8.80
角,22,1.87
笋,22,12.77
论,22,0.94
评,22,2.02
寺,22,4.63
汤,22,3.89
岙,22,77.90
粲,22,28.28
峙,22,9.93
泾,22,22.69
赓,22,15.79
绳,22,4.93
弛,22,12.04
车,22,1.22
澳,22,3.92
倬,21,43.69
热,21,1.58
,21,100.00
芦,21,6.64
琥,21,22.13
U,21,100.00
钿,21,32.92
甸,21,7.17
蔼,21,12.50
阜,21,12.42
陇,21,11.71
须,21,1.33
顾,21,1.98
娓,21,17.05
说,21,0.44
粮,21,3.01
贲,21,26.35
交,21,1.11
什,21,0.79
企,21,1.34
径,21,3.02
耳,20,2.05
邈,20,28.79
邓,20,3.71
胄,20,19.36
牡,20,9.20
去,20,0.58
r,20,100.00
钥,20,6.51
坑,20,5.53
柄,20,5.53
查,20,1.33
夜,20,1.65
奈,20,3.73
祜,20,29.41
谅,20,5.15
就,20,0.46
赖,20,3.06
线,20,1.28
绯,20,15.59
戬,19,30.17
右,19,1.83
L,19,100.00
针,19,2.45
蕤,19,58.78
畴,19,7.29
旷,19,7.46
昔,19,5.93
皆,19,3.15
塬,19,45.63
项,19,1.47
外,19,0.72
移,19,1.99
谌,19,17.38
费,19,1.34
洼,19,10.31
贾,19,4.79
赏,19,3.19
幻,19,3.14
绎,19,9.02
绰,19,8.53
弈,19,20.61
鼐,19,26.97
住,19,1.05
龚,19,9.98
快,19,1.14
悌,18,27.32
僖,18,24.44
艇,18,2.92
蔡,18,5.20
镒,18,31.73
数,18,0.89
陌,18,5.25
虔,18,7.78
目,18,0.89
染,18,2.43
埠,18,11.49
矩,18,5.00
磐,18,12.91
楫,18,25.24
骑,18,3.00
宰,18,4.75
宿,18,3.85
词,18,2.07
毫,18,1.94
汛,18,13.87
泥,18,3.22
涟,18,15.05
足,18,1.36
淡,18,2.77
带,18,1.07
纵,18,2.64
滟,18,37.39
辑,18,2.90
迷,18,2.45
脉,17,3.38
凰,17,5.90
勖,17,26.97
茁,17,20.09
茸,17,10.44
掌,17,1.90
受,17,0.87
瑕,17,14.25
钏,17,29.53
蕃,17,12.58
整,17,1.16
旅,17,1.99
藜,17,21.12
,17,100.00
圃,17,11.30
圈,17,2.82
霍,17,3.01
椒,17,9.47
奂,17,13.58
姆,17,2.21
檀,17,11.02
诠,17,12.87
岁,17,1.70
鲤,17,9.59
泮,17,45.05
涣,17,14.20
践,17,3.33
巷,17,5.68
渐,17,1.87
鸯,17,15.17
帼,17,24.42
网,17,1.42
彼,17,2.61
翥,17,50.66
迦,17,6.12
途,16,2.20
烛,16,5.98
兔,16,5.38
醇,16,6.11
报,16,0.84
芩,16,21.73
劳,16,1.51
匀,16,6.66
厅,16,2.47
揆,16,21.42
味,16,1.77
命,16,0.87
钻,16,3.57
铂,16,22.54
瓦,16,2.40
镝,16,59.63
薛,16,4.10
薰,16,15.28
闰,16,16.50
服,16,1.05
祉,16,19.61
楹,16,23.49
秒,16,4.33
稀,16,3.72
窑,16,5.27
警,16,1.52
察,16,1.33
诤,16,19.23
谈,16,1.22
谧,16,15.31
屋,16,1.80
粒,16,3.54
鲸,16,6.37
系,16,0.82
浜,16,17.96
巾,16,5.08
绅,16,6.07
绢,16,5.43
翻,16,2.08
郊,15,5.13
感,15,0.82
册,15,2.99
几,15,0.79
我,15,0.27
船,15,1.35
色,15,0.92
区,15,0.85
捍,15,9.31
珞,15,20.27
铣,15,23.04
铺,15,3.21
链,15,4.39
间,15,0.64
朕,15,8.24
栎,15,22.13
墙,15,2.38
壬,15,14.59
棱,15,7.44
壹,15,21.20
祈,15,5.50
覃,15,24.19
娆,15,33.97
宥,15,21.95
诒,15,17.50
尽,15,1.19
沣,15,17.82
峦,15,12.93
注,15,1.20
浅,15,3.45
庠,15,19.64
纱,15,5.43
仟,15,31.62
漾,15,12.22
濠,15,25.89
迹,15,2.15
追,15,1.60
职,14,1.31
,14,100.00
灶,14,6.22
邕,14,21.04
胥,14,11.15
内,14,0.70
熏,14,7.68
释,14,1.62
艮,14,19.29
择,14,1.83
茅,14,4.91
医,14,1.15
荡,14,2.71
排,14,1.41
获,14,1.43
县,14,1.71
撒,14,2.73
唤,14,3.60
雾,14,3.21
垦,14,7.85
堪,14,3.52
夙,14,16.43
榴,14,6.04
觅,14,6.84
婆,14,2.52
沿,14,2.22
淙,14,15.37
已,14,0.59
事,14,0.47
漱,14,9.92
轼,14,7.30
侗,14,17.59
徵,14,14.52
怒,13,2.07
牙,13,1.82
技,13,1.02
抱,13,2.04
包,13,1.07
挚,13,7.45
挥,13,1.45
探,13,1.69
措,13,2.07
告,13,0.87
锰,13,15.05
矿,13,2.52
墅,13,6.95
禺,13,7.69
规,13,0.88
竺,13,9.75
段,13,1.21
尾,13,2.33
糖,13,3.26
泠,13,31.93
活,13,0.74
浔,13,22.36
浣,13,16.21
丫,13,5.98
湄,13,10.96
庐,13,7.04
麓,13,10.52
绛,13,13.32
佟,13,8.25
侬,13,8.58
储,12,2.68
醉,12,3.21
犀,12,9.59
努,12,1.90
勰,12,29.15
荀,12,10.88
菀,12,26.67
蒋,12,2.03
蒿,12,15.26
唱,12,2.19
旬,12,4.53
构,12,1.09
裙,12,4.86
概,12,1.47
览,12,3.41
驷,12,26.97
穹,12,9.78
讷,12,12.44
识,12,0.88
籍,12,2.80
屠,12,4.10
鳞,12,6.04
嵬,12,29.28
浴,12,4.42
涉,12,2.16
巡,12,2.73
巽,12,25.82
溟,12,14.65
产,12,0.60
缓,12,1.94
还,12,0.48
翡,12,13.84
逗,11,5.19
邺,11,15.79
况,11,0.93
切,11,0.83
戊,11,10.42
扣,11,2.77
拜,11,2.05
玎,11,35.71
d,11,100.00
取,11,0.81
铧,11,28.28
敌,11,1.06
敞,11,5.21
疑,11,1.28
斓,11,12.31
雕,11,3.18
最,11,0.56
坞,11,7.51
杞,11,11.43
栖,11,4.77
砺,11,19.39
墀,11,34.25
预,11,1.20
墉,11,32.18
袭,11,2.04
示,11,0.94
夺,11,1.99
祠,11,8.26
种,11,0.42
娱,11,4.85
完,11,0.78
箴,11,14.41
诏,11,5.50
诩,11,11.56
气,11,0.68
汕,11,11.66
V,11,100.00
洒,11,4.21
累,11,2.21
鸳,11,11.60
,11,100.00
庙,11,3.27
绫,11,7.99
综,11,2.40
漂,11,2.65
弗,11,2.10
缙,11,20.28
漠,11,3.07
漩,11,10.53
忧,11,2.44
翩,11,7.89
息,10,0.90
恰,10,2.08
憬,10,9.94
膺,10,10.50
刀,10,1.71
扁,10,2.84
扩,10,1.68
牵,10,2.74
芾,10,21.76
,10,100.00
拔,10,2.40
狗,10,2.05
拙,10,5.31
茨,10,3.20
据,10,0.76
鎏,10,22.72
玑,10,3.60
接,10,0.68
菘,10,35.63
珙,10,51.64
琚,10,57.74
b,10,100.00
璃,10,3.13
错,10,1.13
,10,34.05
甬,10,11.97
攸,10,8.43
蔺,10,24.08
啊,10,1.29
敷,10,5.60
族,10,1.04
闳,10,21.76
蜂,10,3.16
眼,10,0.73
督,10,1.52
螺,10,4.30
蠡,10,13.47
桉,10,23.90
衔,10,4.13
衷,10,3.72
磬,10,24.43
契,10,3.01
奖,10,1.97
套,10,1.74
奴,10,2.24
妻,10,1.73
秧,10,8.93
秩,10,2.87
称,10,0.92
骝,10,50.00
骢,10,61.72
檬,10,11.42
嫩,10,4.65
宅,10,3.07
证,10,0.83
寂,10,2.85
寓,10,3.81
汾,10,10.39
沆,10,33.10
粹,10,2.84
峭,10,6.46
浑,10,3.35
赜,10,20.68
浮,10,2.33
涂,10,2.84
趣,10,1.71
巢,10,4.05
跳,10,1.60
绶,10,12.36
绾,10,15.99
缇,10,31.43
伙,10,1.67
侍,10,3.10
候,9,0.76
邢,9,7.82
鞠,9,6.29
奚,9,7.92
庞,9,2.91
危,8,1.23
薄,8,2.06
闫,8,24.93
柴,8,2.97
崔,8,4.29
廖,8,5.40
翟,8,10.17
郦,7,18.59
於,7,2.86
阮,7,6.18
束,7,1.34
靳,7,9.73
诸,7,1.37
屈,7,2.30
粱,7,7.81
乌,7,1.66
缪,7,6.46
聂,6,4.38
别,6,0.51
呼,6,1.09
阴,6,1.23
骆,6,4.58
酒,5,0.95
戚,5,2.90
暴,5,1.16
娄,5,8.52
濮,5,9.70
邹,4,4.48
郝,4,4.36
牟,4,3.73
晁,4,9.30
詹,4,2.98
寇,4,3.09
鲍,4,2.23
仇,4,1.56
郜,3,23.09
臧,3,7.62
阙,3,4.71
隗,3,11.15
栾,3,7.97
窦,3,3.32
滑,3,1.30
郗,2,22.72
苟,2,2.69
钮,2,2.35
裘,2,2.66
褚,2,4.84
母,2,0.47
但,2,0.21
邸,1,2.29
冼,1,10.00
刁,1,3.03
刑,1,0.55
卞,1,5.06
嵇,1,4.01
巫,1,1.20
漆,1,1.28
辜,1,1.57